{
  "project_info": {
    "project_number": "79922710661",
    "project_id": "emart-9b302",
    "storage_bucket": "emart-9b302.appspot.com"
  },
  "client": [
    {
      "client_info": {
        "mobilesdk_app_id": "1:79922710661:android:6071a2f0006a72e46441ec",
        "android_client_info": {
          "package_name": "com.example.emart_app"
        }
      },
      "oauth_client": [],
      "api_key": [
        {
          "current_key": "AIzaSyBvnuf7vJfY9gIQamMBFA7WeXjdQU0NsxA"
        }
      ],
      "services": {
        "appinvite_service": {
          "other_platform_oauth_client": []
        }
      }
    }
  ],
  "configuration_version": "1"
}